{
  "RMSE": 33.70652602649962,
  "Correlation": 0.6087813607674722
}