{
  "RMSE": 33.33692067587039,
  "Correlation": 0.6233711563929385
}