{
  "RMSE": 31.91486212739601,
  "Correlation": 0.6548272483907916
}