{
  "RMSE": 31.765891661100316,
  "Correlation": 0.6635943676477025
}