{
  "RMSE": 32.028375020114396,
  "Correlation": 0.6595710365199827
}