feature,normalized_gradient,physical_gradient,input_var,contribution,contribution_pct
obs_wind_speed_70m,22.564649577104795,71.16674129625902,9.481851568154461,48022.781679200976,69.58497486875979
obs_wind_speed_10m,21.805684448490624,60.071050161941365,5.559796811244876,20062.69952268968,29.0708366585621
obs_wind_speed_50m,2.465463422707216,7.589179862919699,8.075442583827616,465.1103726620178,0.6739445834080743
obs_temperature_10m,-0.8028956919861993,-9.652539183588859,4.816607209272602,448.77057972494737,0.6502682356179331
obs_wind_dir_cos_70m,5.893507797477595,5.313192761228986,0.36425476528693546,10.282918332205508,0.014899941001000649
obs_wind_speed_30m,-0.2671547631696097,-0.7286561907437498,6.561660769031889,3.4838471471195227,0.005048091920171043
obs_wind_dir_sin_70m,-0.711631345932558,-0.29893631193921816,0.21330923622498396,0.01906193591251011,2.7620730933135635e-05
