source,theoretical_variance,actual_variance,ratio_actual_to_theoretical
ECMWF,69013.14798169286,1302.389425535278,0.0188716130711899
GFS,76057.46703114906,1464.3957849254573,0.019253806918467575
