Strategy,Correlation,RMSE,Low_Wind_Samples(<4),Low_Wind_Pct(%),Low_Wind_RMSE
EC_Baseline,0.5628128385712201,2.4155790721031187,2935,28.048547400611625,2.833294210053309
Weighted_Training,0.607560125858287,2.025320809318848,3778,36.104740061162076,2.1514136531751165
Ensemble_Modeling,0.5768162702373912,2.3454147024175613,2883,27.551605504587158,2.7768475341210923
Distribution_Matching,0.609135554836778,2.4547494763245754,3019,28.851299694189603,2.699873536298558
Quantile_Regression,0.6248252219917859,2.0858649744750406,2420,23.12691131498471,2.4546107556217733
Residual_Correction,0.6040597806536026,2.250636220477839,3778,36.104740061162076,2.352410489377795
Smooth_Interpolation,0.609091529367834,2.205997818997113,4406,42.10626911314985,2.299313281967842
Hybrid_Weighted_Training,0.6287612595077399,2.09139343888817,3495,33.40022935779817,2.305738024427624
