Strategy,RMSE,MAE,Bias,Pred_Mean,Obs_Mean
Weighted_Training,1.0293524320751462,0.7227539711026915,0.6454460377089132,4.136911981981359,3.4914659442724463
Ensemble_Modeling,2.0224362050191487,1.6435954674169853,1.084347746058425,4.575813690330871,3.4914659442724463
Distribution_Matching,1.7826429916807571,1.4115463218962134,0.778178639522443,4.269644583794889,3.4914659442724463
Quantile_Regression,1.5248503907429358,1.211736696236582,0.8309408599824399,4.322406804254886,3.4914659442724463
Residual_Correction,1.3165803338589104,0.980756217814424,0.42750312017312997,3.918969064445576,3.4914659442724463
Smooth_Interpolation,1.2733076662434906,0.8839212956692438,0.4090732023077788,3.900539146580224,3.4914659442724463
Hybrid_Weighted_Training,1.0293524320751462,0.7227539711026915,0.6454460377089132,4.136911981981359,3.4914659442724463
