{
  "experiment_name": "E-M1-10m",
  "experiment_config": {
    "name": "E-M1-10m",
    "wind_col": "ec_wind_speed_10m",
    "description": "EC\u539f\u59cb10m\u98ce\u901f"
  },
  "data_cleaning_log": [
    "\u79fb\u9664\u529f\u7387NaN: 52317 -> 52317",
    "\u79fb\u9664\u8d1f\u529f\u7387: 52317 -> 52317"
  ],
  "data_processing_log": [
    "\u8bd5\u9a8c\u7c7b\u578b: \u5355\u98ce\u901f",
    "\u8f93\u5165\u98ce\u901f\u5217: ec_wind_speed_10m",
    "\u79fb\u9664ec_wind_speed_10m\u7684NaN: 52317 -> 52317",
    "\u98ce\u901f\u8303\u56f4\u8fc7\u6ee4[0,50]: 52317 -> 52317",
    "\u6700\u7ec8\u7279\u5f81\u98ce\u901f\u5217: ec_wind_speed_10m",
    "\u6700\u7ec8\u6570\u636e\u5927\u5c0f: 52317"
  ],
  "feature_statistics": {
    "wind_speed": {
      "mean": 5.579045595643864,
      "std": 2.6063874839610843,
      "min": 0.030067341,
      "max": 18.775356
    },
    "wind_speed_2": {
      "mean": 37.91887562686231,
      "std": 35.03530831994348,
      "min": 0.000904044994810281,
      "max": 352.51399292673597
    },
    "wind_speed_3": {
      "mean": 299.01881965890647,
      "std": 444.0885251534702,
      "min": 2.718222913830395e-05,
      "max": 6618.575712180949
    },
    "hour": {
      "mean": 11.500315385056483,
      "std": 6.92226788967128,
      "min": "0",
      "max": "23"
    },
    "month": {
      "mean": 6.853202591891737,
      "std": 3.0224286978037638,
      "min": "1",
      "max": "12"
    },
    "is_daytime": {
      "mean": 0.5000095571229237,
      "std": 0.5000047785386273,
      "min": "0",
      "max": "1"
    },
    "wind_lag_1h": {
      "mean": 5.579114290840454,
      "std": 2.60639020765748,
      "min": 0.030067341,
      "max": 18.775356
    },
    "wind_lag_24h": {
      "mean": 5.5801079231645545,
      "std": 2.606637729743606,
      "min": 0.030067341,
      "max": 18.775356
    }
  },
  "split_statistics": {
    "train_size": 41853,
    "test_size": 10464,
    "train_power_mean": 49.1909929993071,
    "test_power_mean": 39.5194190175841,
    "train_wind_mean": 5.567992032502091,
    "test_wind_mean": 5.6232566791848235
  },
  "final_metrics": {
    "RMSE": 33.25382934445075,
    "Correlation": 0.628236505518979
  }
}