{
  "RMSE": 32.653870954528614,
  "Correlation": 0.6251820684901276
}