{
  "RMSE": 34.042244141809824,
  "Correlation": 0.5989141348225734
}