{
  "RMSE": 33.17075225115118,
  "Correlation": 0.6283356030542436
}