,correlation,rmse,mae,r2,bias
train_metrics,0.7464403018297983,1.9295001114320007,1.4967587861880898,0.5126156510654699,0.0013560297878559664
test_metrics,0.6018995510140615,2.135779635873371,1.60212577730458,0.29508265872037553,0.6504478733461756
