{
  "RMSE": 32.759196957719006,
  "Correlation": 0.6278929053606219
}