{
  "RMSE": 34.23744852420031,
  "Correlation": 0.5902370195334267
}