Variable,IMF_Count,Total_Energy,High_Freq_Energy,Medium_Freq_Energy,Low_Freq_Energy,Dominant_IMF,Mean_Persistence,Dominant_Period_Hours
obs_wind_speed_10m,12,1946470.3524711109,0.0,5.103392668555283,94.89660733144473,12,0.8864021987469378,13079.249999999998
obs_wind_speed_70m,12,2772180.6777528934,0.0,4.8917636754516,95.10823632454841,12,0.883189741415844,13079.249999999998
power,12,98906382.27263276,0.0,22.19024969578632,77.80975030421367,5,0.9013122809621151,60.55208333333334
