{
  "RMSE": 33.9982808278186,
  "Correlation": 0.5981080343191215
}