{
  "RMSE": 33.21655040313789,
  "Correlation": 0.6217041946194748
}