{
  "experiment_name": "E-M1-70m",
  "experiment_config": {
    "name": "E-M1-70m",
    "wind_col": "ec_wind_speed_70m",
    "description": "EC\u539f\u59cb70m\u98ce\u901f"
  },
  "data_cleaning_log": [
    "\u79fb\u9664\u529f\u7387NaN: 52317 -> 52317",
    "\u79fb\u9664\u8d1f\u529f\u7387: 52317 -> 52317"
  ],
  "data_processing_log": [
    "\u8bd5\u9a8c\u7c7b\u578b: \u5355\u98ce\u901f",
    "\u8f93\u5165\u98ce\u901f\u5217: ec_wind_speed_70m",
    "\u79fb\u9664ec_wind_speed_70m\u7684NaN: 52317 -> 52317",
    "\u98ce\u901f\u8303\u56f4\u8fc7\u6ee4[0,50]: 52317 -> 52317",
    "\u6700\u7ec8\u7279\u5f81\u98ce\u901f\u5217: ec_wind_speed_70m",
    "\u6700\u7ec8\u6570\u636e\u5927\u5c0f: 52317"
  ],
  "feature_statistics": {
    "wind_speed": {
      "mean": 7.434890378671789,
      "std": 3.5980737102458558,
      "min": 0.025467662,
      "max": 22.531347
    },
    "wind_speed_2": {
      "mean": 68.22348191163256,
      "std": 59.5897772925812,
      "min": 0.000648601807746244,
      "max": 507.661597634409
    },
    "wind_speed_3": {
      "mean": 713.3339005107107,
      "std": 922.9259667673454,
      "min": 1.651837161227032e-05,
      "max": 11438.299614875248
    },
    "hour": {
      "mean": 11.500315385056483,
      "std": 6.92226788967128,
      "min": "0",
      "max": "23"
    },
    "month": {
      "mean": 6.853202591891737,
      "std": 3.0224286978037638,
      "min": "1",
      "max": "12"
    },
    "is_daytime": {
      "mean": 0.5000095571229237,
      "std": 0.5000047785386273,
      "min": "0",
      "max": "1"
    },
    "wind_lag_1h": {
      "mean": 7.4349490120032105,
      "std": 3.5981099438367714,
      "min": 0.025467662,
      "max": 22.531347
    },
    "wind_lag_24h": {
      "mean": 7.435541220749889,
      "std": 3.5985437569852516,
      "min": 0.025467662,
      "max": 22.531347
    }
  },
  "split_statistics": {
    "train_size": 41853,
    "test_size": 10464,
    "train_power_mean": 49.1909929993071,
    "test_power_mean": 39.5194190175841,
    "train_wind_mean": 7.423024841735168,
    "test_wind_mean": 7.482349124601491
  },
  "final_metrics": {
    "RMSE": 33.29830535634434,
    "Correlation": 0.6233393072694968
  }
}