{
  "RMSE": 33.29830535634434,
  "Correlation": 0.6233393072694968
}