{
  "RMSE": 32.90289491109312,
  "Correlation": 0.6264989293789386
}