{
  "RMSE": 32.969643393141496,
  "Correlation": 0.6258938603022874
}