{
  "RMSE": 33.46552862949905,
  "Correlation": 0.6218781639025289
}