,EOF1,EOF2,EOF3,EOF4
obs_wind_speed_10m,0.47798832764492405,-0.8768639333765512,0.05080180973352067,-0.0074817849749239575
obs_wind_speed_30m,0.507071264247763,0.23991086065783995,-0.6960068407381506,-0.4482142228424804
obs_wind_speed_50m,0.5093287052068546,0.2670786813403399,-0.06217344768378071,0.8157130073922608
obs_wind_speed_70m,0.5049655054176407,0.3197208145481346,0.7135321409555496,-0.36559584640197135
