{
  "RMSE": 32.08443879109785,
  "Correlation": 0.6528346354395517
}