{
  "RMSE": 33.25048399578459,
  "Correlation": 0.6280622146043103
}