EOF_Mode,Explained_Variance_%,Alpha_10_70m,Alpha_10_30m,Alpha_30_50m,Alpha_50_70m,Ratio_70_10m,Weight_Height_Correlation,Weight_Std,Sign_Changes,Dominant_Height_m,Is_Monotonic
EOF1,94.10858517358811,0.028214975817325964,0.053763499579199556,0.008695805015870068,-0.025569638758312713,1.0564389885954637,0.7318182294813071,0.012709180638629127,0,50,False
EOF2,4.547145724493607,,,0.21000485535678415,0.5346796532061325,-0.36461850280120645,0.8090227756395909,0.4998427639475197,1,10,True
EOF3,0.955463074203872,1.3578712796420307,,-4.728485326626671,,14.045407923425442,0.5863052519870935,0.4999976332719422,2,70,False
EOF4,0.3888060277144194,1.9985799877909722,3.725427013515019,,,48.86478930192834,0.04239266995348975,0.49999805477547093,2,50,False
