{
  "RMSE": 33.15612284027022,
  "Correlation": 0.6295216203978999
}