{
  "RMSE": 33.755748274824576,
  "Correlation": 0.6095583423879312
}