{
  "RMSE": 32.465512583587056,
  "Correlation": 0.6489854601917715
}