{
  "RMSE": 32.12776473430382,
  "Correlation": 0.6543101982976824
}