EOF_Mode,Correlation_with_Power,P_Value,Significance
1,0.7877866990689337,0.0,Significant
2,-0.17287392892096595,0.0,Significant
3,0.10735171878613264,6.809755724938632e-134,Significant
4,-0.007924149640373654,0.0699137995445017,Not Significant
