{
  "RMSE": 33.10033355243093,
  "Correlation": 0.62835242392411
}