Model,Test_R2,Test_RMSE,Test_MAE,Features_Used
LightGBM,0.8098442429748755,20.2581833162288,13.54383413309138,13
