{
  "RMSE": 32.92889685208382,
  "Correlation": 0.62574288607092
}