{
  "experiment_name": "E-M2-10m",
  "experiment_config": {
    "name": "E-M2-10m",
    "wind_col": "ec_wind_speed_10m",
    "use_correction": true,
    "correction_factor": 1.03,
    "description": "EC\u6821\u6b63\u540e10m\u98ce\u901f"
  },
  "data_cleaning_log": [
    "\u79fb\u9664\u529f\u7387NaN: 52317 -> 52317",
    "\u79fb\u9664\u8d1f\u529f\u7387: 52317 -> 52317"
  ],
  "data_processing_log": [
    "\u8bd5\u9a8c\u7c7b\u578b: \u5355\u98ce\u901f",
    "\u8f93\u5165\u98ce\u901f\u5217: ec_wind_speed_10m",
    "\u79fb\u9664ec_wind_speed_10m\u7684NaN: 52317 -> 52317",
    "\u98ce\u901f\u8303\u56f4\u8fc7\u6ee4[0,50]: 52317 -> 52317",
    "\u504f\u5dee\u6821\u6b63: \u56e0\u5b50=1.03, \u5747\u503c 5.5790 -> 5.7464",
    "\u6700\u7ec8\u7279\u5f81\u98ce\u901f\u5217: ec_wind_speed_10m",
    "\u6700\u7ec8\u6570\u636e\u5927\u5c0f: 52317"
  ],
  "feature_statistics": {
    "wind_speed": {
      "mean": 5.74641696351318,
      "std": 2.6845791084799173,
      "min": 0.030969361230000002,
      "max": 19.338616679999998
    },
    "wind_speed_2": {
      "mean": 40.22813515253822,
      "std": 37.168958596628045,
      "min": 0.0009591013349942273,
      "max": 373.98209509597416
    },
    "wind_speed_3": {
      "mean": 326.7459377494179,
      "std": 485.26752182537604,
      "min": 2.9702755699611467e-05,
      "max": 7232.296382244351
    },
    "hour": {
      "mean": 11.500315385056483,
      "std": 6.92226788967128,
      "min": "0",
      "max": "23"
    },
    "month": {
      "mean": 6.853202591891737,
      "std": 3.0224286978037638,
      "min": "1",
      "max": "12"
    },
    "is_daytime": {
      "mean": 0.5000095571229237,
      "std": 0.5000047785386273,
      "min": "0",
      "max": "1"
    },
    "wind_lag_1h": {
      "mean": 5.746487719565668,
      "std": 2.684581913887204,
      "min": 0.030969361230000002,
      "max": 19.338616679999998
    },
    "wind_lag_24h": {
      "mean": 5.74751116085949,
      "std": 2.6848368616359144,
      "min": 0.030969361230000002,
      "max": 19.338616679999998
    }
  },
  "split_statistics": {
    "train_size": 41853,
    "test_size": 10464,
    "train_power_mean": 49.1909929993071,
    "test_power_mean": 39.5194190175841,
    "train_wind_mean": 5.7350317934771535,
    "test_wind_mean": 5.7919543795603685
  },
  "final_metrics": {
    "RMSE": 33.25382934445075,
    "Correlation": 0.628236505518979
  }
}