{
  "RMSE": 33.25382934445075,
  "Correlation": 0.628236505518979
}