{
  "RMSE": 32.083434315672086,
  "Correlation": 0.6568518762813853
}