{
  "RMSE": 33.146527099158924,
  "Correlation": 0.632019793811573
}