,sample_count,mean_power,std_power,mean_wind_speed_70m,wind_speed_70m_range,feature_count,model_r2,model_rmse
East Wind,8241,51.475145443514144,44.43696735112002,6.950606820036593,3.0-19.1,13,0.7487471514240471,22.26526808587397
West Wind,1848,60.38836623376623,46.972370599969906,8.049404761904762,3.0-18.8,13,0.8305412292005496,18.104954634689403
