{
  "total_comparisons": 18,
  "ec_wins": 10,
  "gfs_wins": 8,
  "ec_win_rate": 55.55555555555556,
  "gfs_win_rate": 44.44444444444444,
  "ec_avg_r2": -0.144622872747727,
  "gfs_avg_r2": -0.17159454578587197,
  "performance_gap": 0.02697167303814496,
  "best_combinations": [
    {
      "classification": "weak_day",
      "avg_best_performance": 0.5080585234803056
    },
    {
      "classification": "weak_night",
      "avg_best_performance": 0.33070272808582063
    },
    {
      "classification": "moderate_night",
      "avg_best_performance": 0.01826634865485366
    }
  ]
}