,power_wind10m_corr,power_wind70m_corr,count
high_pc1,0.6496924995878739,0.5484654447962991,26158.0
low_pc1,0.4579748187850955,0.4340899167507418,26159.0
