,mean,std,skewness,kurtosis,shapiro_statistic,shapiro_p_value,min,max
obs_temperature_10m,14.151944014373916,11.959195188016558,-0.47922281349833873,-0.8387658948185588,0.98822021484375,5.0966827146508566e-20,-18.28,36.82
obs_humidity_10m,32.10425215513122,16.838642770446157,1.1743535559173799,1.5099082179815273,0.8590832948684692,0.0,2.27,99.64
obs_density_10m,0.6804021637326301,0.24031451372130194,0.6001141617151278,-1.5985406120987402,0.9621824026107788,2.9639943119190127e-34,0.5,1.15
