{
  "Spring": {
    "ec_error_wind_speed_10m": {
      "mean": -0.006683991922728825,
      "std": 2.5470183918893103,
      "rmse": 2.5469184247164245,
      "mae": 1.9295198597828724
    },
    "ec_error_wind_speed_30m": {
      "mean": 0.33006840300034157,
      "std": 2.6507957576334964,
      "rmse": 2.671153934255496,
      "mae": 2.090304434653347
    },
    "ec_error_wind_speed_50m": {
      "mean": 0.36776368214788246,
      "std": 2.930816708737011,
      "rmse": 2.953676234303149,
      "mae": 2.29988118463832
    },
    "ec_error_wind_speed_70m": {
      "mean": 0.5943909871226094,
      "std": 3.1504939200869093,
      "rmse": 3.2059421567427053,
      "mae": 2.516563689487705
    },
    "ec_error_wind_direction_10m": {
      "mean": 13.816484574077183,
      "std": 165.6865210222653,
      "rmse": 166.2545475218565,
      "mae": 134.4608769818644
    },
    "ec_error_wind_direction_30m": {
      "mean": 63.074447025063876,
      "std": 101.1524876646025,
      "rmse": 119.20292785520142,
      "mae": 84.22823600199214
    }
  },
  "Summer": {
    "ec_error_wind_speed_10m": {
      "mean": -0.04105448693079169,
      "std": 2.6720697163940836,
      "rmse": 2.6723086121607014,
      "mae": 1.9651593167092565
    },
    "ec_error_wind_speed_30m": {
      "mean": 0.24569060409239224,
      "std": 2.889314524877426,
      "rmse": 2.899659361647497,
      "mae": 2.240868692181006
    },
    "ec_error_wind_speed_50m": {
      "mean": 0.36874343222451206,
      "std": 3.1575071543457343,
      "rmse": 3.1788759698631237,
      "mae": 2.472509514439865
    },
    "ec_error_wind_speed_70m": {
      "mean": 0.6274246069526017,
      "std": 3.4082768661804828,
      "rmse": 3.465450600500296,
      "mae": 2.6980786896848703
    },
    "ec_error_wind_direction_10m": {
      "mean": -22.35195694609159,
      "std": 167.28562715495096,
      "rmse": 168.76755932643132,
      "mae": 136.39323540394642
    },
    "ec_error_wind_direction_30m": {
      "mean": 46.24148639997962,
      "std": 98.98410251047497,
      "rmse": 109.25001942083371,
      "mae": 73.15797390428395
    }
  },
  "Autumn": {
    "ec_error_wind_speed_10m": {
      "mean": 0.14080535300600167,
      "std": 1.9341368430852655,
      "rmse": 1.9391888541174993,
      "mae": 1.5134912592401353
    },
    "ec_error_wind_speed_30m": {
      "mean": 0.6815567259071467,
      "std": 2.234792372184554,
      "rmse": 2.3363373018656306,
      "mae": 1.8746653791245864
    },
    "ec_error_wind_speed_50m": {
      "mean": 0.8138121403955573,
      "std": 2.525010161516191,
      "rmse": 2.6528337099165897,
      "mae": 2.0961909987269594
    },
    "ec_error_wind_speed_70m": {
      "mean": 1.0098335393336093,
      "std": 2.758878240275201,
      "rmse": 2.9377964279731237,
      "mae": 2.3268285686423837
    },
    "ec_error_wind_direction_10m": {
      "mean": 11.893521884141833,
      "std": 140.77477053214506,
      "rmse": 141.2714577592821,
      "mae": 101.77546403194536
    },
    "ec_error_wind_direction_30m": {
      "mean": 45.2789389185267,
      "std": 95.81272778191179,
      "rmse": 105.96993833638095,
      "mae": 68.80028451640707
    }
  },
  "Winter": {
    "ec_error_wind_speed_10m": {
      "mean": -0.19682143799560178,
      "std": 2.02158969349583,
      "rmse": 2.0310318941767775,
      "mae": 1.5509552293613427
    },
    "ec_error_wind_speed_30m": {
      "mean": 0.3669796502780093,
      "std": 2.1824572687968247,
      "rmse": 2.212971420248455,
      "mae": 1.7265367384951387
    },
    "ec_error_wind_speed_50m": {
      "mean": 0.42268349313310183,
      "std": 2.4847118618835755,
      "rmse": 2.5202658218078726,
      "mae": 1.9502359283946757
    },
    "ec_error_wind_speed_70m": {
      "mean": 0.37403185818946766,
      "std": 2.7231370814899356,
      "rmse": 2.7485481845678823,
      "mae": 2.1207680423822914
    },
    "ec_error_wind_direction_10m": {
      "mean": 19.302034186939814,
      "std": 103.25319550554408,
      "rmse": 105.03597939793868,
      "mae": 67.57742889241204
    },
    "ec_error_wind_direction_30m": {
      "mean": 74.23837364615034,
      "std": 100.35722557264602,
      "rmse": 124.82685269995719,
      "mae": 89.85582914775938
    }
  }
}