{
  "RMSE": 33.164372229644485,
  "Correlation": 0.6296490812408612
}