season,PC1,PC2,PC3,PC4
Autumn,-0.1552166324010356,-0.012792458530258602,-0.004704816881794039,-0.00135256683733025
Spring,0.38884813676429125,0.02261822094658722,-0.01075443707677729,0.0049515455096575236
Summer,-0.07627833515047613,-0.0018467360751874037,-0.018353267504900347,0.005576702086436482
Winter,-0.11246097659193284,-0.005463482913698041,0.05957988687555644,-0.015718182972584156
