Model,Train_RMSE,Train_MAE,Train_R²,Test_RMSE,Test_MAE,Test_R²,CV_RMSE,R²_Gap,RMSE_Ratio,Overfitting_Risk,Best_Params
Polynomial (degree 2),25.338126602809613,18.17725812247628,0.7071178407394441,25.00586575046536,18.03577652905199,0.7102707945959065,27.2894347904516,-0.003152953856462415,0.9868869211385419,Low,{}
Polynomial (degree 3),23.416890627820464,16.034073395328612,0.7498489275390576,23.840307229118626,16.2474766654326,0.7366506925843979,428.26972010887044,0.013198234954659771,1.018081674805925,Low,{}
Random Forest (Improved),13.71029928684463,9.17455340018336,0.9142492781440879,20.414027180261204,13.563834514876568,0.806907296923377,21.00463915017084,0.10734198122071081,1.4889556203816037,High,"{'max_depth': 15, 'max_features': 0.8, 'min_samples_leaf': 2, 'min_samples_split': 5, 'n_estimators': 300}"
LightGBM,15.699627460607998,10.764942666005757,0.8875595413898807,20.159344806991985,13.481352865239332,0.8116952344578823,20.899945525321897,0.07586430693199842,1.2840651701815144,Moderate,"{'learning_rate': 0.1, 'num_leaves': 63, 'reg_alpha': 0.1, 'reg_lambda': 0.1}"
Neural Network (MLP),22.279141111221154,14.863018661659495,0.773566435837415,22.318334440337882,15.072240159102545,0.7692019967187487,22.663735950824037,0.004364439118666352,1.001759193898951,Low,"{'alpha': 0.01, 'hidden_layer_sizes': (50, 50)}"
Support Vector Regression,23.435565640596543,14.684025613866023,0.7494497765720913,23.299408344153736,14.813541449233226,0.7484650887255146,24.108105276499792,0.0009846878465766817,0.994190142515402,Low,"{'C': 10, 'gamma': 'scale', 'kernel': 'rbf'}"
