{
  "final_z0_meters": 0.08745534303100264,
  "final_ln_z0": -2.4366269812592676,
  "confidence_interval_z0": [
    0.06803648924719749,
    0.10833757626428457
  ],
  "sample_size": 145,
  "quality_flag": "questionable",
  "analysis_metadata": {
    "total_hourly_samples": 13176,
    "neutral_samples": 145,
    "qc_passed_samples": 145,
    "successful_z0_derivations": 145,
    "analysis_timestamp": "2025-05-24 15:54:19"
  }
}