{
  "RMSE": 32.88751327930039,
  "Correlation": 0.6439413462468061
}