{
  "RMSE": 34.20934064612011,
  "Correlation": 0.591429489079324
}