{
  "experiment_name": "G-M1-70m",
  "experiment_config": {
    "name": "G-M1-70m",
    "wind_col": "gfs_wind_speed_70m",
    "description": "GFS\u539f\u59cb70m\u98ce\u901f"
  },
  "data_cleaning_log": [
    "\u79fb\u9664\u529f\u7387NaN: 52317 -> 52317",
    "\u79fb\u9664\u8d1f\u529f\u7387: 52317 -> 52317"
  ],
  "data_processing_log": [
    "\u8bd5\u9a8c\u7c7b\u578b: \u5355\u98ce\u901f",
    "\u8f93\u5165\u98ce\u901f\u5217: gfs_wind_speed_70m",
    "\u79fb\u9664gfs_wind_speed_70m\u7684NaN: 52317 -> 52317",
    "\u98ce\u901f\u8303\u56f4\u8fc7\u6ee4[0,50]: 52317 -> 52317",
    "\u6700\u7ec8\u7279\u5f81\u98ce\u901f\u5217: gfs_wind_speed_70m",
    "\u6700\u7ec8\u6570\u636e\u5927\u5c0f: 52317"
  ],
  "feature_statistics": {
    "wind_speed": {
      "mean": 7.55445987409754,
      "std": 3.6555684562491924,
      "min": 0.020567311,
      "max": 24.974432
    },
    "wind_speed_2": {
      "mean": 70.43278930055199,
      "std": 63.48668947972603,
      "min": 0.00042301428177072105,
      "max": 623.722253722624
    },
    "wind_speed_3": {
      "mean": 753.7681277202835,
      "std": 1059.5036734661694,
      "min": 8.70026629062005e-06,
      "max": 15577.10901248242
    },
    "hour": {
      "mean": 11.500315385056483,
      "std": 6.92226788967128,
      "min": "0",
      "max": "23"
    },
    "month": {
      "mean": 6.853202591891737,
      "std": 3.0224286978037638,
      "min": "1",
      "max": "12"
    },
    "is_daytime": {
      "mean": 0.5000095571229237,
      "std": 0.5000047785386273,
      "min": "0",
      "max": "1"
    },
    "wind_lag_1h": {
      "mean": 7.554478343065561,
      "std": 3.6555698216212504,
      "min": 0.020567311,
      "max": 24.974432
    },
    "wind_lag_24h": {
      "mean": 7.554019834500468,
      "std": 3.6553394543764055,
      "min": 0.020567311,
      "max": 24.974432
    }
  },
  "split_statistics": {
    "train_size": 41853,
    "test_size": 10464,
    "train_power_mean": 49.1909929993071,
    "test_power_mean": 39.5194190175841,
    "train_wind_mean": 7.518417566784245,
    "test_wind_mean": 7.6986187701204125
  },
  "final_metrics": {
    "RMSE": 34.20934064612011,
    "Correlation": 0.591429489079324
  }
}