{
  "RMSE": 33.32033262461578,
  "Correlation": 0.6224606393073128
}