{
  "RMSE": 32.93436848366398,
  "Correlation": 0.6248022298482513
}