{
  "RMSE": 32.669017203676376,
  "Correlation": 0.628613955612874
}