{
  "10m": {
    "valid_samples": 52317,
    "obs_mean": 5.587740409427146,
    "obs_std": 2.731724713507316,
    "ec": {
      "mean": 5.579045595643864,
      "correlation": 0.6106610798598082,
      "p_value": 0.0,
      "rmse": 2.3579381694674457,
      "mae": 1.7636280210447464,
      "bias": -0.008694813783282672,
      "theoretical_r2": 0.37290695445554706
    },
    "gfs": {
      "mean": 5.652690545053883,
      "correlation": 0.6058042793049598,
      "p_value": 0.0,
      "rmse": 2.443880733077971,
      "mae": 1.8534144719962922,
      "bias": 0.06495013562673703,
      "theoretical_r2": 0.36699882482420176
    }
  },
  "30m": {
    "valid_samples": 52317,
    "obs_mean": 6.399672955253551,
    "obs_std": 2.7193873588902733,
    "ec": {
      "mean": 6.805053248006995,
      "correlation": 0.6102331796626085,
      "p_value": 0.0,
      "rmse": 2.5934521300353297,
      "mae": 2.020754391091959,
      "bias": 0.4053802927534454,
      "theoretical_r2": 0.3723845335611374
    },
    "gfs": {
      "mean": 6.824712159069519,
      "correlation": 0.5907593210854798,
      "p_value": 0.0,
      "rmse": 2.700333833936963,
      "mae": 2.1076476184991493,
      "bias": 0.4250392038159681,
      "theoretical_r2": 0.348996575449377
    }
  },
  "50m": {
    "valid_samples": 52317,
    "obs_mean": 6.603895292161248,
    "obs_std": 3.0578329644686857,
    "ec": {
      "mean": 7.104647121025479,
      "correlation": 0.6035908206551795,
      "p_value": 0.0,
      "rmse": 2.8855146816362622,
      "mae": 2.2433415578322533,
      "bias": 0.5007518288642315,
      "theoretical_r2": 0.36432187877919314
    },
    "gfs": {
      "mean": 7.176488637464705,
      "correlation": 0.5763535665434513,
      "p_value": 0.0,
      "rmse": 3.0295581482243863,
      "mae": 2.384732097649426,
      "bias": 0.5725933453034577,
      "theoretical_r2": 0.33218343366735653
    }
  },
  "70m": {
    "valid_samples": 52317,
    "obs_mean": 6.750750043007053,
    "obs_std": 3.170472841386555,
    "ec": {
      "mean": 7.434890378671789,
      "correlation": 0.5924150812678748,
      "p_value": 0.0,
      "rmse": 3.154346139382607,
      "mae": 2.459236450457939,
      "bias": 0.684140335664736,
      "theoretical_r2": 0.35095562851362266
    },
    "gfs": {
      "mean": 7.55445987409754,
      "correlation": 0.5547828549327886,
      "p_value": 0.0,
      "rmse": 3.34681367104089,
      "mae": 2.6517920279736797,
      "bias": 0.8037098310904869,
      "theoretical_r2": 0.3077840161273755
    }
  }
}