{
  "RMSE": 32.34295713218567,
  "Correlation": 0.6528469951820192
}