EOF1_Mean_Profile_Correlation,EOF2_Mean_Profile_Correlation,EOF3_Mean_Profile_Correlation,EOF4_Mean_Profile_Correlation,EOF1_Variance_Explained_%,PC1_Hour_Correlation,PC1_Alpha_Correlation,PC1_Shear_Correlation,Mean_10m_Wind,Mean_30m_Wind,Mean_50m_Wind,Mean_70m_Wind,Conclusion
0.9402251297207227,0.9744791498896717,0.2191467697994714,0.04890346809846586,94.10858517358811,0.09854581373014225,,0.35293023505625554,5.587740409427146,6.399672955253551,6.603895292161248,6.750750043007053,WIND INTENSITY MODE
