{
  "RMSE": 31.763219941037466,
  "Correlation": 0.6609199621096135
}