{
  "RMSE": 31.756557195781685,
  "Correlation": 0.6598608447464568
}