,ec_10m,ec_30m,ec_50m,ec_70m,gfs_10m,gfs_30m,gfs_50m,gfs_70m
OBS_10m,0.6106610798598082,0.5747483544799535,0.5735714137355632,0.5650803010698978,0.6058042793049598,0.5787425140752108,0.5718894430133629,0.5594447436821499
OBS_30m,0.645464017063504,0.6102331796626085,0.6004610375166183,0.5845780024601361,0.6142355192505619,0.5907593210854798,0.5755010285581709,0.5563534985624388
OBS_50m,0.6379707794692252,0.612564227453413,0.6035908206551795,0.5887498367659681,0.6024464841870789,0.5880574936318637,0.5763535665434513,0.5604788054227906
OBS_70m,0.616041631421304,0.6062020480465291,0.6024281921637574,0.5924150812678748,0.5698662534910232,0.568968647989222,0.5642672662465739,0.5547828549327886
