,alpha_correlation,shear_magnitude_correlation,relative_shear_correlation,wind_ratio_correlation
PC1,0.10828513421114415,0.37817793024992796,-0.004063435966218958,-0.004063435966218959
PC2,0.8065171778473906,0.8637499151851169,0.484206086371147,0.4842060863711469
PC3,0.1765824873480859,0.3044016100265257,0.05547728347975333,0.05547728347975332
PC4,-0.058628408445270765,-0.10948245723161053,-0.012382814007034115,-0.012382814007034115
