{
  "obs_wind_speed_10m": {
    "correlation": 0.9273889335425597,
    "rmse": 1.9035569825934269,
    "mae": 1.4759142183013894,
    "bias": -3.7376256452239153e-16
  },
  "obs_wind_speed_30m": {
    "correlation": 0.983815402559661,
    "rmse": 1.7603436470848812,
    "mae": 1.370795233524041,
    "bias": 2.9118711422093293e-16
  },
  "obs_wind_speed_50m": {
    "correlation": 0.9881952705240161,
    "rmse": 2.086801796527055,
    "mae": 1.664912137280157,
    "bias": -7.388329763814716e-17
  },
  "obs_wind_speed_70m": {
    "correlation": 0.9797298269863259,
    "rmse": 2.2192975586853305,
    "mae": 1.7764684366973595,
    "bias": -9.561367929642574e-17
  }
}