variable,season,EC_RMSE,GFS_RMSE,unit,var_type
Temperature 10m,Spring,2.6544086548597132,2.728593720230614,째C,Temperature
Temperature 10m,Summer,2.745966467403804,2.747188130884222,째C,Temperature
Temperature 10m,Autumn,2.9578089259895712,2.606226257689686,째C,Temperature
Temperature 10m,Winter,2.467415391910558,2.7357381267472385,째C,Temperature
