{
  "RMSE": 31.979070377570956,
  "Correlation": 0.6579114146598706
}