{
  "RMSE": 34.005742388677334,
  "Correlation": 0.5988773056592966
}