{
  "experiment_name": "G-M1-10m",
  "experiment_config": {
    "name": "G-M1-10m",
    "wind_col": "gfs_wind_speed_10m",
    "description": "GFS\u539f\u59cb10m\u98ce\u901f"
  },
  "data_cleaning_log": [
    "\u79fb\u9664\u529f\u7387NaN: 52317 -> 52317",
    "\u79fb\u9664\u8d1f\u529f\u7387: 52317 -> 52317"
  ],
  "data_processing_log": [
    "\u8bd5\u9a8c\u7c7b\u578b: \u5355\u98ce\u901f",
    "\u8f93\u5165\u98ce\u901f\u5217: gfs_wind_speed_10m",
    "\u79fb\u9664gfs_wind_speed_10m\u7684NaN: 52317 -> 52317",
    "\u98ce\u901f\u8303\u56f4\u8fc7\u6ee4[0,50]: 52317 -> 52317",
    "\u6700\u7ec8\u7279\u5f81\u98ce\u901f\u5217: gfs_wind_speed_10m",
    "\u6700\u7ec8\u6570\u636e\u5927\u5c0f: 52317"
  ],
  "feature_statistics": {
    "wind_speed": {
      "mean": 5.652690545053883,
      "std": 2.7705680407957156,
      "min": 0.09205483,
      "max": 19.379202
    },
    "wind_speed_2": {
      "mean": 39.62881094496555,
      "std": 39.48578973537372,
      "min": 0.008474091726328901,
      "max": 375.553470156804
    },
    "wind_speed_3": {
      "mean": 328.5371454069856,
      "std": 539.593707912805,
      "min": 0.0007800810732716136,
      "max": 7277.9265599696755
    },
    "hour": {
      "mean": 11.500315385056483,
      "std": 6.92226788967128,
      "min": "0",
      "max": "23"
    },
    "month": {
      "mean": 6.853202591891737,
      "std": 3.0224286978037638,
      "min": "1",
      "max": "12"
    },
    "is_daytime": {
      "mean": 0.5000095571229237,
      "std": 0.5000047785386273,
      "min": "0",
      "max": "1"
    },
    "wind_lag_1h": {
      "mean": 5.652756421461168,
      "std": 2.770550035761355,
      "min": 0.09205483,
      "max": 19.379202
    },
    "wind_lag_24h": {
      "mean": 5.653542158045837,
      "std": 2.7704899483002317,
      "min": 0.09205483,
      "max": 19.379202
    }
  },
  "split_statistics": {
    "train_size": 41853,
    "test_size": 10464,
    "train_power_mean": 49.1909929993071,
    "test_power_mean": 39.5194190175841,
    "train_wind_mean": 5.614475368785368,
    "test_wind_mean": 5.805540293942086
  },
  "final_metrics": {
    "RMSE": 33.52452071478867,
    "Correlation": 0.6163703384239538
  }
}