{
  "RMSE": 33.52452071478867,
  "Correlation": 0.6163703384239538
}