{
  "RMSE": 34.225727329182035,
  "Correlation": 0.5907601857263068
}