{
  "RMSE": 33.75788815647085,
  "Correlation": 0.6095413764451604
}