{
  "RMSE": 33.31374616047008,
  "Correlation": 0.6250947476658559
}