{
  "experiment_name": "Fusion-M2",
  "experiment_config": {
    "name": "Fusion-M2",
    "wind_cols": [
      "ec_wind_speed_10m",
      "ec_wind_speed_70m",
      "gfs_wind_speed_10m",
      "gfs_wind_speed_70m"
    ],
    "fusion_strategy": "optimal_adaptive",
    "description": "\u57fa\u4e8e\u8bd5\u9a8c\u7ed3\u679c\u7684\u52a8\u6001\u6743\u91cd\u878d\u5408(EC\u4e3b\u5bfc+SHAP\u663c\u591c\u6743\u91cd)"
  },
  "data_cleaning_log": [
    "\u79fb\u9664\u529f\u7387NaN: 52317 -> 52317",
    "\u79fb\u9664\u8d1f\u529f\u7387: 52317 -> 52317"
  ],
  "data_processing_log": [
    "\u8bd5\u9a8c\u7c7b\u578b: \u591a\u98ce\u901f\u878d\u5408",
    "\u8f93\u5165\u98ce\u901f\u5217: ['ec_wind_speed_10m', 'ec_wind_speed_70m', 'gfs_wind_speed_10m', 'gfs_wind_speed_70m']",
    "\u79fb\u9664\u591a\u98ce\u901fNaN: 52317 -> 52317",
    "\u591a\u98ce\u901f\u8303\u56f4\u8fc7\u6ee4: 52317 -> 52317",
    "\u878d\u5408\u7b56\u7565: \u57fa\u4e8e\u8bd5\u9a8c\u7ed3\u679c\u7684\u6700\u4f18\u52a8\u6001\u878d\u5408",
    "\u767d\u5929\u6743\u91cd: EC-10m(0.45) + EC-70m(0.35) + GFS-10m(0.12) + GFS-70m(0.08)",
    "\u591c\u95f4\u6743\u91cd: EC-10m(0.50) + EC-70m(0.25) + GFS-10m(0.15) + GFS-70m(0.10)",
    "\u878d\u5408\u540e\u98ce\u901f\u7edf\u8ba1: \u5747\u503c=6.2925, \u6807\u51c6\u5dee=2.8022",
    "\u6700\u7ec8\u6570\u636e\u5927\u5c0f: 52317"
  ],
  "feature_statistics": {
    "wind_speed": {
      "mean": 6.292492600808154,
      "std": 2.802215697701897,
      "min": 0.39886671555,
      "max": 20.31074437
    },
    "wind_speed_2": {
      "mean": 47.44772585472321,
      "std": 41.813074114217216,
      "min": 0.1590946567736446,
      "max": 412.5263368634866
    },
    "wind_speed_3": {
      "mean": 411.2536115940821,
      "std": 581.1322117426043,
      "min": 0.06345756320885818,
      "max": 8378.716973926785
    },
    "hour": {
      "mean": 11.500315385056483,
      "std": 6.92226788967128,
      "min": "0",
      "max": "23"
    },
    "month": {
      "mean": 6.853202591891737,
      "std": 3.0224286978037638,
      "min": "1",
      "max": "12"
    },
    "is_daytime": {
      "mean": 0.5000095571229237,
      "std": 0.5000047785386273,
      "min": "0",
      "max": "1"
    },
    "wind_lag_1h": {
      "mean": 6.292553335097199,
      "std": 2.8022261029671833,
      "min": 0.39886671555,
      "max": 20.31074437
    },
    "wind_lag_24h": {
      "mean": 6.29327021307711,
      "std": 2.8024935764199097,
      "min": 0.39886671555,
      "max": 20.31074437
    }
  },
  "split_statistics": {
    "train_size": 41853,
    "test_size": 10464,
    "train_power_mean": 49.1909929993071,
    "test_power_mean": 39.5194190175841,
    "train_wind_mean": 6.27532499824553,
    "test_wind_mean": 6.361158089154243
  },
  "final_metrics": {
    "RMSE": 32.857719089343576,
    "Correlation": 0.643206395892317
  }
}