{
  "RMSE": 32.857719089343576,
  "Correlation": 0.643206395892317
}