{
  "RMSE": 33.25563844390016,
  "Correlation": 0.6278372722230167
}