{
  "experiment_name": "G-M3-Fixed",
  "experiment_config": {
    "name": "G-M3-Fixed",
    "wind_cols": [
      "gfs_wind_speed_10m",
      "gfs_wind_speed_70m"
    ],
    "weights": [
      0.55,
      0.45
    ],
    "description": "GFS\u56fa\u5b9a\u6743\u91cd\u878d\u5408(\u57fa\u4e8eSHAP\u603b\u4f53\u6bd4\u4f8b)"
  },
  "data_cleaning_log": [
    "\u79fb\u9664\u529f\u7387NaN: 52317 -> 52317",
    "\u79fb\u9664\u8d1f\u529f\u7387: 52317 -> 52317"
  ],
  "data_processing_log": [
    "\u8bd5\u9a8c\u7c7b\u578b: \u591a\u98ce\u901f\u878d\u5408",
    "\u8f93\u5165\u98ce\u901f\u5217: ['gfs_wind_speed_10m', 'gfs_wind_speed_70m']",
    "\u79fb\u9664\u591a\u98ce\u901fNaN: 52317 -> 52317",
    "\u591a\u98ce\u901f\u8303\u56f4\u8fc7\u6ee4: 52317 -> 52317",
    "\u878d\u5408\u7b56\u7565: \u56fa\u5b9a\u6743\u91cd [0.55, 0.45]",
    "\u6743\u91cd\u5e94\u7528\u6837\u4f8b: ['0.55*6.62', '0.45*8.31'] = 7.38",
    "\u878d\u5408\u540e\u98ce\u901f\u7edf\u8ba1: \u5747\u503c=6.5085, \u6807\u51c6\u5dee=3.1122",
    "\u6700\u7ec8\u6570\u636e\u5927\u5c0f: 52317"
  ],
  "feature_statistics": {
    "wind_speed": {
      "mean": 6.5084867431235285,
      "std": 3.1121562297938454,
      "min": 0.08187419650000001,
      "max": 21.8970555
    },
    "wind_speed_2": {
      "mean": 52.04573095271776,
      "std": 48.71287070513926,
      "min": 0.0067033840525206135,
      "max": 479.48103957008027
    },
    "wind_speed_3": {
      "mean": 483.43670842557117,
      "std": 732.9548695109748,
      "min": 0.0005488341831310391,
      "max": 10499.222934663743
    },
    "hour": {
      "mean": 11.500315385056483,
      "std": 6.92226788967128,
      "min": "0",
      "max": "23"
    },
    "month": {
      "mean": 6.853202591891737,
      "std": 3.0224286978037638,
      "min": "1",
      "max": "12"
    },
    "is_daytime": {
      "mean": 0.5000095571229237,
      "std": 0.5000047785386273,
      "min": "0",
      "max": "1"
    },
    "wind_lag_1h": {
      "mean": 6.508531286183146,
      "std": 3.1121520094599884,
      "min": 0.08187419650000001,
      "max": 21.8970555
    },
    "wind_lag_24h": {
      "mean": 6.508757112450421,
      "std": 3.1121254224722006,
      "min": 0.08187419650000001,
      "max": 21.8970555
    }
  },
  "split_statistics": {
    "train_size": 41853,
    "test_size": 10464,
    "train_power_mean": 49.1909929993071,
    "test_power_mean": 39.5194190175841,
    "train_wind_mean": 6.471249357884862,
    "test_wind_mean": 6.657425608222334
  },
  "final_metrics": {
    "RMSE": 33.966359019189085,
    "Correlation": 0.5997512507799528
  }
}