{
  "RMSE": 33.966359019189085,
  "Correlation": 0.5997512507799528
}