{
  "RMSE": 31.801787765760817,
  "Correlation": 0.6610139609971781
}