{
  "RMSE": 33.16715634547069,
  "Correlation": 0.6311847128024284
}