{
  "RMSE": 32.32727752384655,
  "Correlation": 0.6467543336150349
}