{
  "RMSE": 33.83994460342794,
  "Correlation": 0.6066602360724233
}