{
  "RMSE": 32.797365344018075,
  "Correlation": 0.6221495705967854
}