{
  "RMSE": 31.716045221203736,
  "Correlation": 0.6631452745020937
}