{
  "analysis_summary": {
    "sample_size": 50921,
    "best_correlation_model": "EC+GFS平均",
    "best_correlation_value": 0.10935335845449129,
    "best_rmse_model": "EC+GFS平均",
    "best_rmse_value": 0.1742171691846525,
    "best_overall_model": "EC+GFS平均",
    "bridge_quality": "❌ 不适合作桥梁变量",
    "recommendation": "寻找其他更可靠的方法",
    "usable_as_bridge": false
  },
  "correlation_results": {
    "EC": 0.073538820669861,
    "GFS": 0.10495595711853971,
    "EC+GFS平均": 0.10935335845449129,
    "切变直接平均": 0.10185687600405399
  },
  "accuracy_results": {
    "RMSE": {
      "EC": 0.18500131402008343,
      "GFS": 0.18365922242251767,
      "EC+GFS平均": 0.1742171691846525,
      "切变直接平均": 0.1759295083064809
    },
    "MAE": {
      "EC": 0.1309188055561547,
      "GFS": 0.13074075288137396,
      "EC+GFS平均": 0.12382060798819157,
      "切变直接平均": 0.12513173971309055
    },
    "BIAS": {
      "EC": 0.04234410728402594,
      "GFS": 0.0475953988719927,
      "EC+GFS平均": 0.04872780764446128,
      "切变直接平均": 0.04496975307800932
    }
  },
  "time_period_results": {
    "白天(6-18h)": {
      "EC": 0.1292390300399693,
      "GFS": 0.14934997987535664,
      "EC+GFS平均": 0.16940644411508154,
      "sample_size": 25503
    },
    "夜间(18-6h)": {
      "EC": -0.03657310799947578,
      "GFS": 0.004306685493050813,
      "EC+GFS平均": -0.017925372997025128,
      "sample_size": 25418
    }
  }
}