{
  "experiment_name": "G-M2-70m",
  "experiment_config": {
    "name": "G-M2-70m",
    "wind_col": "gfs_wind_speed_70m",
    "use_correction": true,
    "correction_factor": 0.98,
    "description": "GFS\u6821\u6b63\u540e70m\u98ce\u901f"
  },
  "data_cleaning_log": [
    "\u79fb\u9664\u529f\u7387NaN: 52317 -> 52317",
    "\u79fb\u9664\u8d1f\u529f\u7387: 52317 -> 52317"
  ],
  "data_processing_log": [
    "\u8bd5\u9a8c\u7c7b\u578b: \u5355\u98ce\u901f",
    "\u8f93\u5165\u98ce\u901f\u5217: gfs_wind_speed_70m",
    "\u79fb\u9664gfs_wind_speed_70m\u7684NaN: 52317 -> 52317",
    "\u98ce\u901f\u8303\u56f4\u8fc7\u6ee4[0,50]: 52317 -> 52317",
    "\u504f\u5dee\u6821\u6b63: \u56e0\u5b50=0.98, \u5747\u503c 7.5545 -> 7.4034",
    "\u6700\u7ec8\u7279\u5f81\u98ce\u901f\u5217: gfs_wind_speed_70m",
    "\u6700\u7ec8\u6570\u636e\u5927\u5c0f: 52317"
  ],
  "feature_statistics": {
    "wind_speed": {
      "mean": 7.40337067661559,
      "std": 3.5824570871242085,
      "min": 0.02015596478,
      "max": 24.47494336
    },
    "wind_speed_2": {
      "mean": 67.64365084425013,
      "std": 60.972616576328875,
      "min": 0.0004062629162126005,
      "max": 599.0228524752082
    },
    "wind_speed_3": {
      "mean": 709.440531665309,
      "std": 997.196381436971,
      "min": 8.188621030601266e-06,
      "max": 14661.050385676355
    },
    "hour": {
      "mean": 11.500315385056483,
      "std": 6.92226788967128,
      "min": "0",
      "max": "23"
    },
    "month": {
      "mean": 6.853202591891737,
      "std": 3.0224286978037638,
      "min": "1",
      "max": "12"
    },
    "is_daytime": {
      "mean": 0.5000095571229237,
      "std": 0.5000047785386273,
      "min": "0",
      "max": "1"
    },
    "wind_lag_1h": {
      "mean": 7.40338877620425,
      "std": 3.5824584251888254,
      "min": 0.02015596478,
      "max": 24.47494336
    },
    "wind_lag_24h": {
      "mean": 7.402939437810458,
      "std": 3.5822326652888776,
      "min": 0.02015596478,
      "max": 24.47494336
    }
  },
  "split_statistics": {
    "train_size": 41853,
    "test_size": 10464,
    "train_power_mean": 49.1909929993071,
    "test_power_mean": 39.5194190175841,
    "train_wind_mean": 7.36804921544856,
    "test_wind_mean": 7.544646394718005
  },
  "final_metrics": {
    "RMSE": 34.20934064612011,
    "Correlation": 0.591429489079324
  }
}