Joint_EOF_Mode,Correlation_with_Power,P_Value,Significance
1,0.7873986525334904,0.0,Significant
2,0.05815407710039827,1.9587506287973457e-40,Significant
3,-0.17386934228888098,0.0,Significant
4,0.09782467864323949,2.0693327494750244e-111,Significant
5,-0.005122035782650001,0.2413824669196201,Not Significant
